{
  "iterations": 2,
  "tokens_per_second": 166.41919168285932,
  "total_cost_usd": 1.2429999999999999
}