{
  "iterations": 2,
  "tokens_per_second": 488.6635254837493,
  "total_cost_usd": 0.004184
}