{
  "iterations": 2,
  "tokens_per_second": 447.90048690956263,
  "total_cost_usd": 0.003604
}